{
    "version": "0.2",
    "floorplan": "FE_LROP",
    "project": {
        "name": "ui5freestyleapp",
        "targetFolder": "/home/user/.fioritools/fiori-tools-ai",
        "title": "AI generated App ui5freestyleapp",
        "description": "AI generated App ui5freestyleapp",
        "ui5Version": "",
        "localUI5Version": "1.82.2",
        "sapux": true
    },
    "service": {
        "servicePath": "/odata/v4/hr-service-delivery-srv/",
        "capService": {
            "projectPath": "/home/user/.fioritools/fiori-tools-ai",
            "serviceName": "hrServiceDeliverySrv",
            "serviceCdsPath": "srv/service"
        }
    },
    "entityConfig": {
        "mainEntity": {
            "entityName": "Ticket"
        }
    },
    "projectType": "LIST_REPORT_OBJECT_PAGE",
    "telemetryData": {
        "generationSourceName": "AI Headless",
        "generationSourceVersion": "1.13.5"
    }
}