ID;ticketID;title;description;status;priority;employee_ID;hrBusinessPartner_ID
0a2c781f-6053-4dc0-8e6d-58f65646173d;T001;Network Issue;Unable to connect to the internet;Open;High;a2f44f11-5572-47b4-a255-c454ccdd44bc;62888488-4f6b-4385-ac17-4a6d4bf4322f
85992e5d-a1f4-4356-a522-d27b8a5e3150;T002;Software Error;Application crashing frequently;Open;Medium;16a2eb87-df18-4e0d-a560-4c022cccb75e;28ae46a4-f98d-4d47-8ceb-4692b2641027
3493510b-4dfb-4dca-9303-dcb3018da25a;T003;Printer Problem;Unable to print documents;Open;Low;5b76acc2-9272-43da-9830-f32a4972fae0;dc021a16-85eb-4525-b3eb-9d12fe8c3fce
f4c39af0-cb53-457a-b010-2552cfe0a794;T004;Email Not Working;Not receiving emails;Open;High;e9b12a94-ace5-4129-bb9f-13f204373877;4bcf7a06-5910-4f76-9f78-51e937236a4e
94eae893-75b5-4db2-9afb-929ab4f5842f;T005;Server Down;Website not accessible;Open;High;45553310-e339-4908-9c8c-1cf8f3992089;8dfc17d1-0bd7-4692-8a91-94b181688b50