ID;knowledgeBaseID;title;ticket_ID
640730b5-2a1a-4f17-a990-a40916867baa;KB001;How to troubleshoot network issues;0a2c781f-6053-4dc0-8e6d-58f65646173d
8892fcb0-5c04-4af0-8eba-6b5033406b1b;KB002;Fixing common software errors;85992e5d-a1f4-4356-a522-d27b8a5e3150
ba0baeeb-7720-4930-9a43-707f5b6fc2b1;KB003;Troubleshooting printer problems;3493510b-4dfb-4dca-9303-dcb3018da25a
781e25d5-2f8b-4f07-aa20-9a7832db24b5;KB004;Email troubleshooting guide;f4c39af0-cb53-457a-b010-2552cfe0a794
f887fc6b-aff4-4bef-ace2-03d384b0895d;KB005;Resolving server downtime issues;94eae893-75b5-4db2-9afb-929ab4f5842f
2ae27203-8a8d-467a-9e8f-3e24a4149ff4;KB006;How to reset password;0a2c781f-6053-4dc0-8e6d-58f65646173d
b15499dd-9ada-4288-93e5-fa57cb6b5730;KB007;Software installation guide;85992e5d-a1f4-4356-a522-d27b8a5e3150