ID;responderID;name;ticket_ID
17b4575d-4f0b-4769-a079-ca6652f3d1bb;R001;Sarah Thompson;0a2c781f-6053-4dc0-8e6d-58f65646173d
8c5657b0-14a8-44ed-8515-51b70d306199;R002;Daniel Martinez;85992e5d-a1f4-4356-a522-d27b8a5e3150
dd6a1234-5b2e-4562-8cd6-a80e52da226d;R003;Emily Johnson;3493510b-4dfb-4dca-9303-dcb3018da25a
c8987620-4b0d-43a7-9946-a115db1b67dd;R004;Michael Brown;f4c39af0-cb53-457a-b010-2552cfe0a794
eb9d1533-93a0-4735-8d51-9bf247418dc3;R005;Jessica Davis;94eae893-75b5-4db2-9afb-929ab4f5842f
f2fdd8ef-4b16-4b59-be3d-120c20a1e193;R006;David Wilson;0a2c781f-6053-4dc0-8e6d-58f65646173d
208e3af7-f02d-4986-abe7-1dc83e6c9172;R007;John Smith;85992e5d-a1f4-4356-a522-d27b8a5e3150